<?xml version="1.0" encoding="UTF-8"?>
<beans xmlns="http://www.springframework.org/schema/beans"
    xmlns:xsi="http://www.w3.org/2001/XMLSchema-instance" xmlns:context="http://www.springframework.org/schema/context"
    xsi:schemaLocation="http://www.springframework.org/schema/beans
    http://www.springframework.org/schema/beans/spring-beans.xsd
    http://www.springframework.org/schema/context
    http://www.springframework.org/schema/context/spring-context.xsd">
    
    
 <bean id="address1" class="com.capgemini.Address">
 <property name="street" value="langar Houz"></property> 
 <property name="city" value="Hyderabad"></property>
 <property name="state" value="Telangana"></property>
 <property name="country" value="India"></property>
 <property name="zip" value="10000"></property>
 
 </bean>   
 
 
  <bean id="customer1" class="com.capgemini.Customer">
 <property name="customerId" value="1"></property> 
 <property name="customerName" value="pavan"></property>
 <property name="customerContact" value="8179122778"></property>
 <property name="customerAddress" value="Hyderabad"></property>
 <property name="address" ref="address1"></property>
 </bean>
 
 </beans>