<?xml version="1.0" encoding="UTF-8"?>
<beans xmlns="http://www.springframework.org/schema/beans"
    xmlns:xsi="http://www.w3.org/2001/XMLSchema-instance" xmlns:context="http://www.springframework.org/schema/context"
    xsi:schemaLocation="http://www.springframework.org/schema/beans
    http://www.springframework.org/schema/beans/spring-beans.xsd
    http://www.springframework.org/schema/context
    http://www.springframework.org/schema/context/spring-context.xsd">
    
 
   <bean id="customer1" class="com.capgemini.Customer">
  <constructor-arg name="customerId" value="1"></constructor-arg>  
  <constructor-arg name="customerName" value="pavan"></constructor-arg>  
  <constructor-arg name="customerContact" value="8179122778"></constructor-arg>  
  <constructor-arg name="customerAddress" value="Hyderabad"></constructor-arg>  
   <constructor-arg>
            <ref bean="address1" />
        </constructor-arg>
    </bean>
           
 <bean id="address1" class="com.capgemini.Address">
   <constructor-arg name="street" value="langar Houz"></constructor-arg>  
   <constructor-arg name="city" value="Hyderabad"></constructor-arg>  
   <constructor-arg name="state" value="Telangana"></constructor-arg>  
   <constructor-arg name="country" value="India"></constructor-arg>  
   <constructor-arg name="zip" value="10000"></constructor-arg>  
  </bean>   
 
 

 
 </beans>